District,3/1/2020,3/2/2020,3/3/2020,3/4/2020,3/5/2020,3/6/2020,3/7/2020,3/8/2020,3/9/2020,3/10/2020,3/11/2020,3/12/2020,3/13/2020,3/14/2020,3/15/2020,3/16/2020,3/17/2020,3/18/2020,3/19/2020,3/20/2020,3/21/2020,3/22/2020,3/23/2020,3/24/2020,3/25/2020,3/26/2020,3/27/2020,3/28/2020,3/29/2020,3/30/2020,3/31/2020,4/1/2020,4/2/2020,4/3/2020,4/4/2020,4/5/2020
MnDOT D1,19.7,4,1.8,5.1,0.3,5.2,5.3,15.9,3.9,3.1,8,1.1,-0.4,-3.5,5.4,-9.4,-8,-17.6,-26.1,-24.8,-30.6,-38.4,-23.2,-28.8,-31.3,-26.4,-30.3,-56.7,-57,-38.9,-37.7,-40.8,-37.1,-48.1,-45.6,-40.8
MnDOT D2,11.8,4.2,2.1,2.1,6.6,2.3,8.9,8.8,6.3,9.4,4.7,11.6,-5.1,0.6,-6.1,-8.9,-6.5,-19.6,-24.4,-29.3,-32.7,-38.7,-25.9,-28.9,-28.8,-16,-30.5,-53.5,-52.9,-36.7,-36,-39,-47.7,-59.6,-51.3,-53.7
MnDOT D3,13.4,3.8,-0.3,1.8,2.6,1.7,10.2,16,-3.6,-1.2,-3.3,-1.8,-5.5,-8.4,-3.3,-9.3,-13.2,-22.2,-25,-29.8,-30.7,-36.1,-22.6,-27.4,-27,-18.9,-24.7,-51.8,-49.4,-21.1,-30.5,-36.9,-35.4,-46.7,-46.6,-43.1
MnDOT D4,8.3,-3.7,-3.4,2,8.9,1.6,12.5,5.4,2.2,-2.3,4.9,17.4,-0.2,-1.8,-10.8,-8.8,-9.2,-16.3,-19.1,-31.2,-31.2,-38.7,-29.9,-26.6,-28.5,-13.4,-32.1,-48.9,-52.9,-36.9,-35.2,-41.3,-49,-59.9,-53.1,-59.4
MnDOT D6,7.9,2.3,0,-0.2,-5.1,3.4,11.4,8.5,-4.8,1.5,-0.2,-2.6,-0.6,-1.9,-4.5,-7.4,-3.3,-15,-25.4,-30.3,-29.5,-37.9,-22.9,-24.2,-34.3,-32.5,-36.6,-53.5,-55.3,-34.2,-34.1,-35.5,-30.4,-52.5,-46,-52.5
MnDOT D7,6.6,12.8,3.7,4,4.7,8.2,18.9,14.5,9.6,-0.5,-1.3,11.9,3.5,-8.8,-6.8,2.6,-10.7,-14.1,-26,-33.5,-28.2,-39.2,-17.9,-26.3,-28.3,-22,-27.3,-53.5,-53,-24.6,-31.8,-30.3,-27.9,-47.8,-47.1,-59.9
MnDOT D8,11.9,0.7,-3.6,-1.5,-6,6.9,20.2,16.7,-8,-1.9,0.5,5.6,-0.1,-1.3,-3.7,-6.2,-12.4,-20.8,-25.5,-27.1,-42,-37.1,-21.6,-25.4,-27.3,-20.2,-23.2,-53.4,-48.3,-28.1,-29.6,-28.6,-25.7,-47.8,-48.4,-54.9
MnDOT Metro,9.5,1.8,2.3,1.8,-0.5,2.7,7.2,9.5,-3.9,-2.3,-4,1.9,-1.7,-8.7,-9.9,-11.9,-22.4,-27.9,-34.7,-28.7,-35.6,-39.5,-33.1,-35.3,-36.8,-31.1,-28.8,-59.4,-56.1,-39.6,-38.7,-43.5,-42.8,-52.5,-49.2,-46.6
MnDOT Statewide,10.9,3,0.7,1.8,0.3,3.7,10.5,11.1,-0.7,0.7,0.6,3.8,-1.3,-4.5,-5.2,-8.3,-11.4,-20,-27.1,-29.1,-32.6,-38.5,-25.8,-28.6,-31.8,-25.2,-30.1,-54.8,-54,-34.2,-35.1,-38.1,-37.3,-52.1,-48.2,-50.3
